Sushi 4 Pack,0
Sushi 8 Pack,0
Fresh Fruit,0
Museli Pot,0
Fruit Salad,0
Croissants,0
Panini,0
Wraps,0
Sandwiches,0
Jelly Cups ,0
Mousse,0
Choc Bar,0
Trumpet,0
Popsicle,0
Fruju,0
Rocky Road,0
Home Grown Juice,0
Water 750ml,0
Water 400ml,0
Ice Tea,0
Sparkling Water,0
Aloe Juice,0
Flavoured Water,0
Flavoured Milk,0
Powerade Zero,0
Gourmet Pie,0
Metro Pie,0
Apple Pie,0
Sausage Roll,0
Spinach & Feta Roll,0
Pizza,0
Butter Chicken Wrap,0
Garlic Bread,0
Spaghetti Roll,0
Bacon Egg Muffin,0
Hot Dog,0
Wedges,0
Hot Chips,0
Home Baked Cookies,0
Muffins/Pastry,0
Chocolate Brownie,0
Scones,0
Sweet Slice,0
Assorted Cashews,0
Cheese & Crackers,0
Popcorn ,0
Corn Chips,0
Protein Bars,0
Fruit & Nut Bars,0
